code,subgroup,gene,points,note,ladder
AMPD1_RS17602729,Aptidão Física & Lesão,AMPD1 rs17602729 (Catalisa a desaminação de AMP no músculo esquelético),1,tern het=2,5:Sem alelo de risco (favorável) | 2:Heterozigoto (1× A) | 0:AA (risco)
AQP1_RS1049305,Aptidão Física & Lesão,AQP1 rs1049305 (Transporte de fiuídos no meio celular),1,tern het=2,5:Sem alelo de risco (favorável) | 2:Heterozigoto (1× G) | 0:GG (risco)
CKMM_RS8111989,Aptidão Física & Lesão,CKMM rs8111989 (Regulação da homeostase energética),1,tern het=2,5:Sem alelo de risco (favorável) | 2:Heterozigoto (1× C) | 0:CC (risco)
CNTF_RS1800169,Aptidão Física & Lesão,CNTF rs1800169 (),1,tern het=2,5:Sem alelo de risco (favorável) | 2:Heterozigoto (1× A) | 0:AA (risco)
GABPB1_RS7181866,Aptidão Física & Lesão,GABPB1 rs7181866 (Controle da função mitocondrial),1,tern het=2,5:Sem alelo de risco (favorável) | 2:Heterozigoto (1× A) | 0:AA (risco)
GALNTL6_RS558129,Aptidão Física & Lesão,GALNTL6 rs558129 (Regulação da atividade de N-acetilgalactosaminiltransferase),1,tern het=2,5:Sem alelo de risco (favorável) | 2:Heterozigoto (1× A) | 0:AA (risco)
HIF1A_RS11549465,Aptidão Física & Lesão,HIF1A rs11549465 (Regula homeostase celular e sistêmica à hipoxia),1,tern het=2,5:Sem alelo de risco (favorável) | 2:Heterozigoto (1× C) | 0:CC (risco)
MSTN_RS1805086,Aptidão Física & Lesão,"MSTN rs1805086 (Codifica para Miostatina, reguladora de hipertrofia muscular)",1,tern het=2,5:Sem alelo de risco (favorável) | 2:Heterozigoto (1× C) | 0:CC (risco)
MYLK_RS28497577,Aptidão Física & Lesão,MYLK rs28497577 (Codificação da cadeia leve de miosina),1,tern het=2,5:Sem alelo de risco (favorável) | 2:Heterozigoto (1× T) | 0:TT (risco)
PPARD_RS2016520,Aptidão Física & Lesão,PPARD rs2016520 (Regulação da biogênese mitocondrial),1,tern het=2,5:Sem alelo de risco (favorável) | 2:Heterozigoto (1× T) | 0:TT (risco)
PPARD_RS2267668,Aptidão Física & Lesão,PPARD rs2267668 (Regulação da biogênese mitocondrial),1,tern het=2,5:Sem alelo de risco (favorável) | 2:Heterozigoto (1× G) | 0:GG (risco)
SLC16A1_RS1049434,Aptidão Física & Lesão,SLC16A1 rs1049434 (Transporte de lactato),1,tern het=2,5:Sem alelo de risco (favorável) | 2:Heterozigoto (1× A) | 0:AA (risco)
TFAM_RS1937,Aptidão Física & Lesão,TFAM rs1937 (Estabilidade mitocondrial),1,tern het=2,5:Sem alelo de risco (favorável) | 2:Heterozigoto (1× G) | 0:GG (risco)
ABCA1_RS9282541,Cardiovascular,ABCA1 rs9282541 (HDL),8,tern het=3,5:AA (favorável) | 3:AG (heterozigoto) | 0:GG (risco)
ACE_I_D_RS4646994,Cardiovascular,ACE I/D rs4646994 (Hipertensão),10,tern het=2,5:II (favorável) | 2:DI (heterozigoto) | 0:DD (risco)
ADD1_RS4961_GLY460TRP,Cardiovascular,ADD1 rs4961 Gly460Trp (Hipertensão),2,tern het=2,5:Gly/Gly (favorável) | 2:Gly/Trp (heterozigoto) | 0:Trp/Trp (risco)
AGTR1_RS5186_A1166C,Cardiovascular,AGTR1 rs5186 A1166C (Hipertensão),2,tern het=2,5:AA (favorável) | 2:AC (heterozigoto) | 0:CC (risco)
AGT_RS699_M235T,Cardiovascular,AGT rs699 M235T (Hipertensão),2,tern het=2,5:MM (favorável) | 2:MT (heterozigoto) | 0:TT (risco)
APOA1_RS1799837,Cardiovascular,APOA1 rs1799837 (HDL),2,tern het=2,5:Sem alelo de risco (favorável) | 2:Heterozigoto (1× C) | 0:CC (risco)
APOA5_RS662799,Cardiovascular,APOA5 rs662799 (Triglicerídeos),7,tern het=2,5:AA (favorável) | 2:AG (heterozigoto) | 0:GG (risco)
APOC2,Cardiovascular,APOC2 (Deficiência),2,rare-del,5:Não portador (favorável) | 0:Portador (Mutação) — risco
APOE_GENOTIPO_E,Cardiovascular,APOE — Genótipo ε (E2/E3/E4),9,APOE-eps rebuild,5:E2/E2 (proteção) | 4:E2/E3 (favorável) | 3:E3/E3 (mais comum) | 2:E2/E4 | 1:E3/E4 (portador ε4 — risco aumentado) | 0:E4/E4 (homozigoto ε4 — risco alto)
APOE_RS429358,Cardiovascular,APOE rs429358 (Alzheimer e Lipídios),3,override,5:TT (sem ε4) | 2:TC (1× ε4) | 0:CC (ε4/ε4)
APOE_RS7412,Cardiovascular,APOE rs7412,3,override,5:TT (ε2/ε2 — proteção) | 4:CT (1× ε2) | 3:CC (sem ε2 — basal)
CYP11B2_RS1799998,Cardiovascular,CYP11B2 rs1799998 (Hipertensão),2,tern het=3,5:TT (favorável) | 3:CT (heterozigoto) | 0:CC (risco)
GNB3_RS5443_C825T,Cardiovascular,GNB3 rs5443 C825T (Hipertensão),2,tern het=2,5:CC (favorável) | 2:CT (heterozigoto) | 0:TT (risco)
GPIHBP1,Cardiovascular,GPIHBP1 (Quilomicronemia),2,rare-del,5:Não portador (favorável) | 0:Portador (Mutação) — risco
LCAT_RS5923,Cardiovascular,LCAT rs5923 (HDL),2,tern het=3,5:CC (favorável) | 3:CT (heterozigoto) | 0:TT (risco)
LDLR_RS6511720,Cardiovascular,"LDLR rs6511720 (Receptor hepático de LDL, envolvido com a endocito)",9,tern het=2,5:Sem alelo de risco (favorável) | 2:Heterozigoto (1× G) | 0:GG (risco)
LDLR_RS688,Cardiovascular,LDLR rs688 (Colesterol LDL),9,tern het=2,5:CC (favorável) | 2:CT (heterozigoto) | 0:TT (risco)
LIPC_RS1800588,Cardiovascular,LIPC rs1800588 (HDL),2,tern het=3,5:TT (favorável) | 3:CT (heterozigoto) | 0:CC (risco)
LIPC_RS2070895,Cardiovascular,LIPC rs2070895 (Regula o transporte reverso de colesterol),2,tern het=2,5:Sem alelo de risco (favorável) | 2:Heterozigoto (1× A) | 0:AA (risco)
LMF1,Cardiovascular,LMF1 (Hipertrigliceridemia),2,rare-del,5:Não portador (favorável) | 0:Portador (Mutação) — risco
LPL_RS13702,Cardiovascular,LPL rs13702 (Triglicerídeos),7,tern het=2,5:Sem alelo de risco (favorável) | 2:Heterozigoto (1× T) | 0:TT (risco)
NOS3_RS1799983_GLU298ASP,Cardiovascular,NOS3 rs1799983 Glu298Asp (Hipertensão),2,tern het=2,5:Glu/Glu (favorável) | 2:Glu/Asp (heterozigoto) | 0:Asp/Asp (risco)
PCSK9_RS11206510,Cardiovascular,PCSK9 rs11206510 (Degradação de receptores hepáticos de LDL),8,tern het=2,5:Sem alelo de risco (favorável) | 2:Heterozigoto (1× T) | 0:TT (risco)
PCSK9_RS11591147_R46L,Cardiovascular,PCSK9 rs11591147 R46L (Colesterol),8,rare-prot,5:Portador (R46L) — proteção | 3:Não portador (basal)
PCSK9_RS505151,Cardiovascular,PCSK9 rs505151 (Degradação de receptores hepáticos de LDL),8,tern het=2,5:Sem alelo de risco (favorável) | 2:Heterozigoto (1× G) | 0:GG (risco)
ADRB2_RS1042713,Cardiovascular & Coagulação,ADRB2 rs1042713 (Receptores de catecolaminas),2,tern het=2,5:Sem alelo de risco (favorável) | 2:Heterozigoto (1× A) | 0:AA (risco)
ADRB2_RS1042714,Cardiovascular & Coagulação,ADRB2 rs1042714 (Receptores de catecolaminas),2,tern het=2,5:Sem alelo de risco (favorável) | 2:Heterozigoto (1× G) | 0:GG (risco)
BDKRB2_RS1799722,Cardiovascular & Coagulação,BDKRB2 rs1799722 (Regulação da vasodilatação),2,tern het=2,5:Sem alelo de risco (favorável) | 2:Heterozigoto (1× C) | 0:CC (risco)
ECA_RS4343,Cardiovascular & Coagulação,ECA rs4343 (Enzima conversora de angiotensina),2,tern het=2,5:Sem alelo de risco (favorável) | 2:Heterozigoto (1× G) | 0:GG (risco)
EDN_RS5370,Cardiovascular & Coagulação,EDN rs5370 (Endotelina-1/Vasoconstrição),2,tern het=2,5:Sem alelo de risco (favorável) | 2:Heterozigoto (1× T) | 0:TT (risco)
ENOS_RS1799983,Cardiovascular & Coagulação,ENOS rs1799983 (Síntese de óxido nítrico/Vasodilatação),2,tern het=2,5:Sem alelo de risco (favorável) | 2:Heterozigoto (1× T) | 0:TT (risco)
ENOS_RS2070744,Cardiovascular & Coagulação,ENOS rs2070744 (Síntese de óxido nítrico),2,tern het=2,5:Sem alelo de risco (favorável) | 2:Heterozigoto (1× T) | 0:TT (risco)
F13A1_RS5985,Cardiovascular & Coagulação,F13A1 rs5985 (Fator XIII V34L (coagulação)),5,tern het=2,5:Sem alelo de risco (favorável) | 2:Heterozigoto (1× C) | 0:CC (risco)
F2_RS1799963,Cardiovascular & Coagulação,F2 rs1799963 (Protrombina (coagulação)),8,tern het=2,5:Sem alelo de risco (favorável) | 2:Heterozigoto (1× A) | 0:AA (risco)
F5_RS1800595,Cardiovascular & Coagulação,F5 rs1800595 (Fator V HR2 (coagulação)),8,tern het=2,5:Sem alelo de risco (favorável) | 2:Heterozigoto (1× C) | 0:CC (risco)
F5_RS6025,Cardiovascular & Coagulação,F5 rs6025 (Fator V Leiden (coagulação)),8,tern het=2,5:Sem alelo de risco (favorável) | 2:Heterozigoto (1× T) | 0:TT (risco)
FGB_RS1800790,Cardiovascular & Coagulação,FGB rs1800790 (Fibrinogênio (coagulação) [gene inferido p/ função]),4,tern het=2,5:Sem alelo de risco (favorável) | 2:Heterozigoto (1× A) | 0:AA (risco)
ITGB3_RS5918,Cardiovascular & Coagulação,ITGB3 rs5918 (Ativação plaquetária (HPA1)),2,tern het=2,5:Sem alelo de risco (favorável) | 2:Heterozigoto (1× T) | 0:TT (risco)
NINJ2_RS12425791,Cardiovascular & Coagulação,NINJ2 rs12425791 (Adesão celular e regeneração de tecidos),2,tern het=2,5:Sem alelo de risco (favorável) | 2:Heterozigoto (1× A) | 0:AA (risco)
CLOCK_RS1801260,Circadiano & Sono,CLOCK rs1801260 (Regulação dos ritmos circadianos),1,tern het=2,5:Sem alelo de risco (favorável) | 2:Heterozigoto (1× G) | 0:GG (risco)
CLOCK_RS1801260,Circadiano & Sono,CLOCK rs1801260 (Regulador do ciclo circadiano),1,tern het=2,5:Sem alelo de risco (favorável) | 2:Heterozigoto (1× G) | 0:GG (risco)
CLOCK_RS1801260,Circadiano & Sono,CLOCK rs1801260 (Regulador do ciclo circadiano),1,tern het=2,5:Sem alelo de risco (favorável) | 2:Heterozigoto (1× G) | 0:GG (risco)
CRY1_RS2287161,Circadiano & Sono,CRY1 rs2287161 (Regulação do padrão de sono),1,tern het=2,5:Sem alelo de risco (favorável) | 2:Heterozigoto (1× C) | 0:CC (risco)
CRY1_RS2287161,Circadiano & Sono,CRY1 rs2287161 (Regulador do ciclo circadiano),1,tern het=2,5:Sem alelo de risco (favorável) | 2:Heterozigoto (1× C) | 0:CC (risco)
CRY1_RS2287161,Circadiano & Sono,CRY1 rs2287161 (Regulador do ciclo circadiano),1,tern het=2,5:Sem alelo de risco (favorável) | 2:Heterozigoto (1× C) | 0:CC (risco)
CRY2_RS11605924,Circadiano & Sono,CRY2 rs11605924 (Regulação do padrão de sono),1,tern het=2,5:Sem alelo de risco (favorável) | 2:Heterozigoto (1× C) | 0:CC (risco)
CRY2_RS7123390,Circadiano & Sono,CRY2 rs7123390 (Regulação do padrão de sono),1,tern het=2,5:Sem alelo de risco (favorável) | 2:Heterozigoto (1× A) | 0:AA (risco)
MTNR1A_RS12506228,Circadiano & Sono,MTNR1A rs12506228 (Receptor de Melatonina/Regulador do ciclo circadiano),1,tern het=2,5:Sem alelo de risco (favorável) | 2:Heterozigoto (1× A) | 0:AA (risco)
MTNR1B_RS10830963,Circadiano & Sono,MTNR1B rs10830963 (Receptor de Melatonina/Regulador do ciclo circadiano),1,tern het=2,5:Sem alelo de risco (favorável) | 2:Heterozigoto (1× G) | 0:GG (risco)
MTNR1B_RS10830963,Circadiano & Sono,MTNR1B rs10830963 (Receptor de Melatonina/Regulador do ciclo circadiano),1,tern het=2,5:Sem alelo de risco (favorável) | 2:Heterozigoto (1× G) | 0:GG (risco)
PER2_RS4663302,Circadiano & Sono,PER2 rs4663302 (Marca-passo circadiano),1,tern het=2,5:Sem alelo de risco (favorável) | 2:Heterozigoto (1× T) | 0:TT (risco)
PER2_RS934945,Circadiano & Sono,PER2 rs934945 (Marca-passo circadiano),1,tern het=2,5:Sem alelo de risco (favorável) | 2:Heterozigoto (1× C) | 0:CC (risco)
PER3_RS228697,Circadiano & Sono,PER3 rs228697 (Marca-passo circadiano),1,tern het=2,5:Sem alelo de risco (favorável) | 2:Heterozigoto (1× G) | 0:GG (risco)
ABCG2_RS2231142,Detoxificação,ABCG2 rs2231142 (Codifica transportador de xenobióticos),1,tern het=2,5:Sem alelo de risco (favorável) | 2:Heterozigoto (1× G) | 0:GG (risco)
ADH1B_RS1229984_ARG48HIS,Detoxificação,ADH1B rs1229984 Arg48His (Álcool),1,override,4:His/His (rápido) | 4:Arg/His (intermediário) | 3:Arg/Arg (lento)
ALDH2_RS671_GLU504LYS,Detoxificação,ALDH2 rs671 Glu504Lys (Álcool),1,rare-del,5:Não portador (favorável) | 0:Portador (Lys) — risco
CAT_RS1001179_262C_T,Detoxificação,CAT rs1001179 -262C>T (Catalase),1,tern het=3,5:CC (favorável) | 3:CT (heterozigoto) | 0:TT (risco)
CYP1A1_RS4646903_MSPI,Detoxificação,CYP1A1 rs4646903 MspI (Detoxificação),1,tern het=3,5:TT (favorável) | 3:CT (heterozigoto) | 0:CC (risco)
CYP1A2_RS762551,Detoxificação,CYP1A2 rs762551 (Cafeína),2,override,5:AA (metabolizador rápido) | 3:AC (intermediário) | 2:CC (metabolizador lento)
CYP1B1_RS10175338,Detoxificação,CYP1B1 rs10175338 (Detoxificação de Hidrocarbonetos Aromáticos Policíclicos),1,tern het=2,5:Sem alelo de risco (favorável) | 2:Heterozigoto (1× T) | 0:TT (risco)
CYP2A6_RS1801272,Detoxificação,CYP2A6 rs1801272 (Nicotina),2,override,5:*1/*1 (normal) | 4:*1/*2 ou *1/*4 (intermediário) | 3:*2/*4 (↓atividade)
CYP2C19_RS4986893,Detoxificação,CYP2C19 rs4986893 (Metabolização de fármacos),1,tern het=2,5:Sem alelo de risco (favorável) | 2:Heterozigoto (1× A) | 0:AA (risco)
CYP2C19_RS4986893,Detoxificação,CYP2C19 rs4986893 (Metabolização de fármacos),1,tern het=2,5:Sem alelo de risco (favorável) | 2:Heterozigoto (1× A) | 0:AA (risco)
CYP2C9_RS1057910,Detoxificação,CYP2C9 rs1057910 (Metabolização de fármacos),1,tern het=2,5:Sem alelo de risco (favorável) | 2:Heterozigoto (1× C) | 0:CC (risco)
CYP3A4_RS2242480,Detoxificação,CYP3A4 rs2242480 (Detoxificação de Hidrocarbonetos Aromáticos Policíclicos),1,tern het=2,5:Sem alelo de risco (favorável) | 2:Heterozigoto (1× T) | 0:TT (risco)
CYP3A4_RS35599367,Detoxificação,CYP3A4 rs35599367 (Metabolização de fármacos),1,tern het=2,5:Sem alelo de risco (favorável) | 2:Heterozigoto (1× A) | 0:AA (risco)
DAO_RS10156191,Detoxificação,DAO rs10156191 (Codifica a enzima diaminaoxidase),1,tern het=2,5:Sem alelo de risco (favorável) | 2:Heterozigoto (1× T) | 0:TT (risco)
DAO_RS1049742,Detoxificação,DAO rs1049742 (Codifica a enzima diaminaoxidase),1,tern het=2,5:Sem alelo de risco (favorável) | 2:Heterozigoto (1× T) | 0:TT (risco)
DAO_RS2052129,Detoxificação,DAO rs2052129 (Codifica a enzima diaminaoxidase),1,tern het=2,5:Sem alelo de risco (favorável) | 2:Heterozigoto (1× T) | 0:TT (risco)
DAO_RS2268999,Detoxificação,DAO rs2268999 (Codifica a enzima diaminaoxidase),1,tern het=2,5:Sem alelo de risco (favorável) | 2:Heterozigoto (1× T) | 0:TT (risco)
EPHX1_RS1051740_TYR113HIS,Detoxificação,EPHX1 rs1051740 Tyr113His (Detoxificação),2,override,5:Tyr/Tyr GG (normal) | 3:Tyr/His (intermediário) | 0:His/His AA (↓atividade)
EPHX1_RS2234922,Detoxificação,EPHX1 rs2234922 (Destoxificação de epóxidos),1,tern het=2,5:Sem alelo de risco (favorável) | 2:Heterozigoto (1× G) | 0:GG (risco)
GPX1_RS1050450_PRO198LEU,Detoxificação,GPX1 rs1050450 Pro198Leu (Glutationa),1,risk-named,5:Não portador (favorável) | 0:Portador Leu(T) (risco)
GSTM1_RS2071487,Detoxificação,GSTM1 rs2071487 (Detoxificação),1,tern het=2,5:Sem alelo de risco (favorável) | 2:Heterozigoto (1× C) | 0:CC (risco)
GSTM1_RS74837985,Detoxificação,GSTM1 rs74837985 (Destoxificação de xenobióticos),1,tern het=2,5:Sem alelo de risco (favorável) | 2:Heterozigoto (1× C) | 0:CC (risco)
GSTP1_RS1138272,Detoxificação,GSTP1 rs1138272 (Destoxificação de xenobióticos),1,tern het=2,5:Sem alelo de risco (favorável) | 2:Heterozigoto (1× T) | 0:TT (risco)
GSTP1_RS1695_ILE105VAL,Detoxificação,GSTP1 rs1695 Ile105Val (Detoxificação),2,override,5:Ile/Ile AA (normal) | 3:Ile/Val (intermediário) | 0:Val/Val GG (↓atividade)
GSTT1_RS2266633,Detoxificação,GSTT1 rs2266633 (Detoxificação),1,tern het=2,5:Sem alelo de risco (favorável) | 2:Heterozigoto (1× T) | 0:TT (risco)
GSTT1_RS2266637,Detoxificação,GSTT1 rs2266637 (Destoxificação de xenobióticos),1,tern het=2,5:Sem alelo de risco (favorável) | 2:Heterozigoto (1× T) | 0:TT (risco)
HNMT_RS11558538,Detoxificação,HNMT rs11558538 (Codifica a enzima histamina-N-metiltransferase),1,tern het=2,5:Sem alelo de risco (favorável) | 2:Heterozigoto (1× T) | 0:TT (risco)
HNMT_RS12995000,Detoxificação,HNMT rs12995000 (Codifica a enzima histamina-N-metiltransferase),1,tern het=2,5:Sem alelo de risco (favorável) | 2:Heterozigoto (1× T) | 0:TT (risco)
NAT2_RS1495741,Detoxificação,NAT2 rs1495741 (Acetilador),1,tern het=2,5:Sem alelo de risco (favorável) | 2:Heterozigoto (1× A) | 0:AA (risco)
NQO1_RS1131341,Detoxificação,NQO1 rs1131341 (Conversão da coenzima Q10 em Ubiquinol),1,tern het=3,5:Sem alelo de risco (favorável) | 3:Heterozigoto (1× A) | 0:AA (risco)
NQO1_RS1800566,Detoxificação,NQO1 rs1800566 (Conversão da coenzima Q10 em Ubiquinol),1,tern het=3,5:Sem alelo de risco (favorável) | 3:Heterozigoto (1× A) | 0:AA (risco)
NRF2_RS6721961,Detoxificação,NRF2 rs6721961 (Regula expressão de genes ligados a ação antioxidante),1,tern het=2,5:Sem alelo de risco (favorável) | 2:Heterozigoto (1× T) | 0:TT (risco)
NRF2_RS8031031,Detoxificação,NRF2 rs8031031 (Fator de transcrição de proteínas antioxidantes),1,tern het=2,5:Sem alelo de risco (favorável) | 2:Heterozigoto (1× C) | 0:CC (risco)
PEMT_RS7946,Detoxificação,PEMT rs7946 (Biossíntese de fosfatidilcolina),1,tern het=2,5:Sem alelo de risco (favorável) | 2:Heterozigoto (1× T) | 0:TT (risco)
SIRT1_RS7069102,Detoxificação,SIRT1 rs7069102 (Estimula fator de transcrição NRF2),1,tern het=2,5:Sem alelo de risco (favorável) | 2:Heterozigoto (1× C) | 0:CC (risco)
SIRT1_RS7896005,Detoxificação,SIRT1 rs7896005 (Estimula fator de transcrição NRF2),1,tern het=2,5:Sem alelo de risco (favorável) | 2:Heterozigoto (1× G) | 0:GG (risco)
SIRT3_RS11555236,Detoxificação,SIRT3 rs11555236 (Regulação mitocondrial da atividade antioxidante),1,tern het=2,5:Sem alelo de risco (favorável) | 2:Heterozigoto (1× C) | 0:CC (risco)
SLCO1B1_RS4149056,Detoxificação,SLCO1B1 rs4149056 (Codifica receptor transmembrana hepático),1,tern het=2,5:Sem alelo de risco (favorável) | 2:Heterozigoto (1× C) | 0:CC (risco)
SOD2_RS4880_ALA16VAL,Detoxificação,SOD2 rs4880 Ala16Val (Antioxidante),2,override,5:Ala/Ala TT (basal) | 3:Ala/Val (intermediário) | 2:Val/Val CC (variável)
SOD3_RS1799895,Detoxificação,SOD3 rs1799895 (Conversão de ânions superóxido),1,tern het=2,5:Sem alelo de risco (favorável) | 2:Heterozigoto (1× G) | 0:GG (risco)
SOD3_RS8192288,Detoxificação,SOD3 rs8192288 (Conversão de ânions superóxido),1,tern het=2,5:Sem alelo de risco (favorável) | 2:Heterozigoto (1× T) | 0:TT (risco)
XRCC1_RS25487,Detoxificação,XRCC1 rs25487 (Reparo de DNA),1,tern het=2,5:Sem alelo de risco (favorável) | 2:Heterozigoto (1× C) | 0:CC (risco)
ARMS2_RS10490924,Imune & Inflamatório,ARMS2 rs10490924 (Matriz extracelular coroidal (DMRI)),2,tern het=2,5:Sem alelo de risco (favorável) | 2:Heterozigoto (1× T) | 0:TT (risco)
CFH_RS1061170,Imune & Inflamatório,CFH rs1061170 (Complemento / imune (DMRI)),2,tern het=2,5:Sem alelo de risco (favorável) | 2:Heterozigoto (1× T) | 0:TT (risco)
CLEC16A_RS12708716,Imune & Inflamatório,CLEC16A rs12708716 (Regula autofagia celular e a saúde mitocondrial),2,tern het=2,5:Sem alelo de risco (favorável) | 2:Heterozigoto (1× A) | 0:AA (risco)
ETS2_RS2836882,Imune & Inflamatório,ETS2 rs2836882 (Regulação da telomerase),2,tern het=2,5:Sem alelo de risco (favorável) | 2:Heterozigoto (1× G) | 0:GG (risco)
FOXO3A_RS2764264,Imune & Inflamatório,FOXO3A rs2764264 (Regulação de apoptose celular),2,tern het=2,5:Sem alelo de risco (favorável) | 2:Heterozigoto (1× T) | 0:TT (risco)
FOXO3A_RS2802292,Imune & Inflamatório,FOXO3A rs2802292 (Regulação de apoptose celular),2,tern het=2,5:Sem alelo de risco (favorável) | 2:Heterozigoto (1× T) | 0:TT (risco)
HLA_DRA_RS7192,Imune & Inflamatório,HLA-DRA rs7192 (HLA classe II),2,tern het=2,5:Sem alelo de risco (favorável) | 2:Heterozigoto (1× T) | 0:TT (risco)
HLA_DRA_RS9275596,Imune & Inflamatório,HLA-DRA rs9275596 (HLA classe II),2,tern het=2,5:Sem alelo de risco (favorável) | 2:Heterozigoto (1× C) | 0:CC (risco)
HLA_RS2187668,Imune & Inflamatório,HLA rs2187668 (Regulação do sistema imunológico),2,tern het=2,5:Sem alelo de risco (favorável) | 2:Heterozigoto (1× T) | 0:TT (risco)
HLA_RS2395182,Imune & Inflamatório,HLA rs2395182 (Regulação do sistema imunológico),2,tern het=2,5:Sem alelo de risco (favorável) | 2:Heterozigoto (1× T) | 0:TT (risco)
HLA_RS4639334,Imune & Inflamatório,HLA rs4639334 (Regulação do sistema imunológico),2,tern het=2,5:Sem alelo de risco (favorável) | 2:Heterozigoto (1× A) | 0:AA (risco)
HLA_RS7454108,Imune & Inflamatório,HLA rs7454108 (Regulação do sistema imunológico),2,tern het=2,5:Sem alelo de risco (favorável) | 2:Heterozigoto (1× C) | 0:CC (risco)
HLA_RS7775228,Imune & Inflamatório,HLA rs7775228 (Regulação do sistema imunológico),2,tern het=2,5:Sem alelo de risco (favorável) | 2:Heterozigoto (1× C) | 0:CC (risco)
HTRA1_RS11200638,Imune & Inflamatório,HTRA1 rs11200638 (Regulação de crescimento celular),2,tern het=2,5:Sem alelo de risco (favorável) | 2:Heterozigoto (1× A) | 0:AA (risco)
IL12B_RS2082412,Imune & Inflamatório,IL12B rs2082412 (Conduz resposta imunológica),2,tern het=2,5:Sem alelo de risco (favorável) | 2:Heterozigoto (1× G) | 0:GG (risco)
IL1B_RS1143634,Imune & Inflamatório,IL1B rs1143634 (Diferenciação celular e apoptose),2,tern het=2,5:Sem alelo de risco (favorável) | 2:Heterozigoto (1× A) | 0:AA (risco)
IL1B_RS1143643,Imune & Inflamatório,IL1B rs1143643 (Diferenciação celular e apoptose),2,tern het=2,5:Sem alelo de risco (favorável) | 2:Heterozigoto (1× T) | 0:TT (risco)
IL2_RS2069763,Imune & Inflamatório,IL2 rs2069763 (Atividade Imuno regulatória),2,tern het=2,5:Sem alelo de risco (favorável) | 2:Heterozigoto (1× A) | 0:AA (risco)
IL4R_RS1801275,Imune & Inflamatório,IL4R rs1801275 (Diferenciação Th2),2,tern het=2,5:Sem alelo de risco (favorável) | 2:Heterozigoto (1× G) | 0:GG (risco)
NOD2_RS2066845,Imune & Inflamatório,NOD2 rs2066845 (Regulação da resposta imune a LPS),2,tern het=2,5:Sem alelo de risco (favorável) | 2:Heterozigoto (1× C) | 0:CC (risco)
PTPN2_RS1893217,Imune & Inflamatório,PTPN2 rs1893217 (Regula crescimento e diferenciação celular),2,tern het=2,5:Sem alelo de risco (favorável) | 2:Heterozigoto (1× G) | 0:GG (risco)
RTEL1_RS755017,Imune & Inflamatório,RTEL1 rs755017 (Proteção e estabilidade de telômeros),2,tern het=2,5:Sem alelo de risco (favorável) | 2:Heterozigoto (1× A) | 0:AA (risco)
SH2B3_RS3184504,Imune & Inflamatório,SH2B3 rs3184504 (Sinalização e regulação da ativação da JAK2),2,tern het=2,5:Sem alelo de risco (favorável) | 2:Heterozigoto (1× T) | 0:TT (risco)
SIRT6_RS107251,Imune & Inflamatório,SIRT6 rs107251 (Reparo de DNA e envelhecimento celular),2,tern het=2,5:Sem alelo de risco (favorável) | 2:Heterozigoto (1× T) | 0:TT (risco)
SLC39A8_RS13107325,Imune & Inflamatório,SLC39A8 rs13107325 (Transporte celular de zinco na inflamação),2,tern het=2,5:Sem alelo de risco (favorável) | 2:Heterozigoto (1× T) | 0:TT (risco)
STAT3_RS744166,Imune & Inflamatório,STAT3 rs744166 (),2,tern het=2,5:Sem alelo de risco (favorável) | 2:Heterozigoto (1× A) | 0:AA (risco)
STAT6_RS1059513,Imune & Inflamatório,STAT6 rs1059513 (Resposta biológica mediada pela interleucina 4),2,tern het=2,5:Sem alelo de risco (favorável) | 2:Heterozigoto (1× T) | 0:TT (risco)
STAT6_RS324015,Imune & Inflamatório,STAT6 rs324015 (Resposta biológica mediada pela interleucina 4),2,tern het=2,5:Sem alelo de risco (favorável) | 2:Heterozigoto (1× T) | 0:TT (risco)
TNF_RS361525,Imune & Inflamatório,TNF rs361525 (Resposta inflamatória),2,tern het=2,5:Sem alelo de risco (favorável) | 2:Heterozigoto (1× A) | 0:AA (risco)
CRP_RS1130864,Imunidade,CRP rs1130864 (Proteína C Reativa),2,tern het=3,5:GG (favorável) | 3:AG (heterozigoto) | 0:AA (risco)
HLA_DQ2_DQ8,Imunidade,HLA-DQ2/DQ8 (Doença Celíaca),2,risk-named,5:Não portador (favorável) | 0:Portador DQ2.5/2.2 (risco)
IL1B_RS16944_511C_T,Imunidade,IL1B rs16944 -511C>T (Inflamação),2,tern het=3,5:CC (favorável) | 3:CT (heterozigoto) | 0:TT (risco)
IL6_RS1800795_174G_C,Imunidade,IL6 rs1800795 -174G>C (Inflamação),3,override,5:CC (↓IL-6) | 3:GC (intermediário) | 0:GG (↑IL-6)
TNF_RS1800629_308G_A,Imunidade,TNF rs1800629 -308G>A (Inflamação),2,tern het=3,5:GG (favorável) | 3:AG (heterozigoto) | 0:AA (risco)
ABCG5_RS6756629,Lipídico & Cardiovascular,ABCG5 rs6756629 (Transportadores ABC/Absorção intestinal de colesterol),2,tern het=2,5:Sem alelo de risco (favorável) | 2:Heterozigoto (1× G) | 0:GG (risco)
ABCG5_RS6756629,Lipídico & Cardiovascular,ABCG5 rs6756629 (Transportadores ABC/Absorção intestinal de colesterol),2,tern het=2,5:Sem alelo de risco (favorável) | 2:Heterozigoto (1× G) | 0:GG (risco)
ABCG8_RS4299376,Lipídico & Cardiovascular,ABCG8 rs4299376 (Transportadores ABC/Absorção intestinal de colesterol),2,tern het=2,5:Sem alelo de risco (favorável) | 2:Heterozigoto (1× G) | 0:GG (risco)
ABCG8_RS4299376,Lipídico & Cardiovascular,ABCG8 rs4299376 (Transportadores ABC/Absorção intestinal de colesterol),2,tern het=2,5:Sem alelo de risco (favorável) | 2:Heterozigoto (1× G) | 0:GG (risco)
APOA4_RS675,Lipídico & Cardiovascular,APOA4 rs675 (Regula o transporte lipídico transcelular de enterócitos),2,tern het=2,5:Sem alelo de risco (favorável) | 2:Heterozigoto (1× A) | 0:AA (risco)
APOA4_RS675,Lipídico & Cardiovascular,APOA4 rs675 (Regula o transporte lipídico transcelular de enterócitos),2,tern het=2,5:Sem alelo de risco (favorável) | 2:Heterozigoto (1× A) | 0:AA (risco)
APOB_RS515135,Lipídico & Cardiovascular,APOB rs515135 (Apolipoproteína dos quilomícrons e das LDL),7,tern het=2,5:Sem alelo de risco (favorável) | 2:Heterozigoto (1× T) | 0:TT (risco)
APOB_RS515135,Lipídico & Cardiovascular,APOB rs515135 (Apolipoproteína dos quilomícrons e das LDL),7,tern het=2,5:Sem alelo de risco (favorável) | 2:Heterozigoto (1× T) | 0:TT (risco)
APOB_RS5742904,Lipídico & Cardiovascular,APOB rs5742904 (Apolipoproteína dos quilomícrons e das LDL),7,tern het=2,5:Sem alelo de risco (favorável) | 2:Heterozigoto (1× T) | 0:TT (risco)
APOB_RS5742904,Lipídico & Cardiovascular,APOB rs5742904 (Apolipoproteína dos quilomícrons e das LDL),7,tern het=2,5:Sem alelo de risco (favorável) | 2:Heterozigoto (1× T) | 0:TT (risco)
APOB_RS693,Lipídico & Cardiovascular,APOB rs693 (Apolipoproteína dos quilomícrons e das LDL),7,tern het=2,5:Sem alelo de risco (favorável) | 2:Heterozigoto (1× A) | 0:AA (risco)
APOB_RS693,Lipídico & Cardiovascular,APOB rs693 (Apolipoproteína dos quilomícrons e das LDL),7,tern het=2,5:Sem alelo de risco (favorável) | 2:Heterozigoto (1× A) | 0:AA (risco)
APOC3_RS5128,Lipídico & Cardiovascular,APOC3 rs5128 (Inibe LPL e lipase hepática. Inibe a captação hepática de TG),2,tern het=2,5:Sem alelo de risco (favorável) | 2:Heterozigoto (1× G) | 0:GG (risco)
APOC3_RS5128,Lipídico & Cardiovascular,APOC3 rs5128 (Inibe LPL e lipase hepática. Inibe a captação hepática de TG),2,tern het=2,5:Sem alelo de risco (favorável) | 2:Heterozigoto (1× G) | 0:GG (risco)
APOL1_RS73885319,Lipídico & Cardiovascular,APOL1 rs73885319 (Codifica Apolipoproteína 1/Regula função glomerular),2,tern het=2,5:Sem alelo de risco (favorável) | 2:Heterozigoto (1× G) | 0:GG (risco)
CDKN2A_RS10757278,Lipídico & Cardiovascular,CDKN2A rs10757278 (Regulação do ciclo celular),2,tern het=2,5:Sem alelo de risco (favorável) | 2:Heterozigoto (1× G) | 0:GG (risco)
CELSR2_RS12740374,Lipídico & Cardiovascular,CELSR2 rs12740374 (Codifica para proteína da família das Caderinas),2,tern het=2,5:Sem alelo de risco (favorável) | 2:Heterozigoto (1× T) | 0:TT (risco)
CETP_RS5882,Lipídico & Cardiovascular,CETP rs5882 (Transferência de éster de colesterol do HDL),2,tern het=2,5:Sem alelo de risco (favorável) | 2:Heterozigoto (1× A) | 0:AA (risco)
CETP_RS708272,Lipídico & Cardiovascular,CETP rs708272 (Transferência de éster de colesterol do HDL),2,tern het=2,5:Sem alelo de risco (favorável) | 2:Heterozigoto (1× G) | 0:GG (risco)
COQ2_RS4693075,Lipídico & Cardiovascular,COQ2 rs4693075 (),2,tern het=2,5:Sem alelo de risco (favorável) | 2:Heterozigoto (1× G) | 0:GG (risco)
ELOVL2_RS953413,Lipídico & Cardiovascular,ELOVL2 rs953413 (Atividade de Elongase),2,tern het=3,5:Sem alelo de risco (favorável) | 3:Heterozigoto (1× A) | 0:AA (risco)
ENOS_RS1799983,Lipídico & Cardiovascular,ENOS rs1799983 (Resposta à suplementação de ômega-3),2,tern het=2,5:Sem alelo de risco (favorável) | 2:Heterozigoto (1× T) | 0:TT (risco)
HMGCR_RS3846662,Lipídico & Cardiovascular,HMGCR rs3846662 (Limitante da síntese de colesterol),2,tern het=2,5:Sem alelo de risco (favorável) | 2:Heterozigoto (1× G) | 0:GG (risco)
LIPG_RS4939883,Lipídico & Cardiovascular,LIPG rs4939883 (Hidrolisa triglicerídeos e HDL),2,tern het=2,5:Sem alelo de risco (favorável) | 2:Heterozigoto (1× T) | 0:TT (risco)
MYRF_RS174537,Lipídico & Cardiovascular,MYRF rs174537 (Codifica fator de transcrição),2,tern het=2,5:Sem alelo de risco (favorável) | 2:Heterozigoto (1× G) | 0:GG (risco)
PDZK1_RS1967017,Lipídico & Cardiovascular,PDZK1 rs1967017 (Papel no metabolismo lipídico),2,tern het=2,5:Sem alelo de risco (favorável) | 2:Heterozigoto (1× A) | 0:AA (risco)
PNPLA3_RS738409,Lipídico & Cardiovascular,PNPLA3 rs738409 (Remodelação de triglicerídeos e fosfolipídios),2,tern het=2,5:Sem alelo de risco (favorável) | 2:Heterozigoto (1× G) | 0:GG (risco)
PON1_RS854560,Lipídico & Cardiovascular,PON1 rs854560 (Regula a capacidade antioxidante de HDL),2,tern het=2,5:Sem alelo de risco (favorável) | 2:Heterozigoto (1× A) | 0:AA (risco)
PSRC1_RS599839,Lipídico & Cardiovascular,PSRC1 rs599839 (Desempenha papel na mitose),2,tern het=2,5:Sem alelo de risco (favorável) | 2:Heterozigoto (1× A) | 0:AA (risco)
WDR12_RS6725887,Lipídico & Cardiovascular,WDR12 rs6725887 (Biogênese ribossomal e controle da proliferação celular),2,tern het=2,5:Sem alelo de risco (favorável) | 2:Heterozigoto (1× C) | 0:CC (risco)
ZPR1_RS964184,Lipídico & Cardiovascular,ZPR1 rs964184 (Interage com os genes das apolipoproteínas),2,tern het=2,5:Sem alelo de risco (favorável) | 2:Heterozigoto (1× G) | 0:GG (risco)
ZPR1_RS964184,Lipídico & Cardiovascular,ZPR1 rs964184 (Interage com os genes das apolipoproteínas),2,tern het=2,5:Sem alelo de risco (favorável) | 2:Heterozigoto (1× G) | 0:GG (risco)
ZPR1_RS964184,Lipídico & Cardiovascular,ZPR1 rs964184 (Interage com os genes das apolipoproteínas),2,tern het=2,5:Sem alelo de risco (favorável) | 2:Heterozigoto (1× G) | 0:GG (risco)
ZPR1_RS964184,Lipídico & Cardiovascular,ZPR1 rs964184 (Interage com os genes das apolipoproteínas),2,tern het=2,5:Sem alelo de risco (favorável) | 2:Heterozigoto (1× G) | 0:GG (risco)
ABCC8_RS757110,Metabolismo,ABCC8 rs757110 (Diabetes),8,tern het=2,5:CC (favorável) | 2:CT (heterozigoto) | 0:TT (risco)
BCO1_RS6564851,Metabolismo,BCO1 rs6564851 (Vitamina A),2,tern het=3,5:TT (favorável) | 3:GT (heterozigoto) | 0:GG (risco)
CDKAL1_RS7754840,Metabolismo,CDKAL1 rs7754840 (Diabetes),6,tern het=2,5:GG (favorável) | 2:CG (heterozigoto) | 0:CC (risco)
FABP2_ALA54THR_RS1799883,Metabolismo,FABP2 Ala54Thr rs1799883 (Gordura),2,tern het=3,5:Ala/Ala (favorável) | 3:Ala/Thr (heterozigoto) | 0:Thr/Thr (risco)
FADS1_RS174546,Metabolismo,FADS1 rs174546 (Ômega-3),2,tern het=3,5:CC (favorável) | 3:CT (heterozigoto) | 0:TT (risco)
FADS2_RS174616,Metabolismo,FADS2 rs174616 (Ômega-3/DHA),2,tern het=3,5:Sem alelo de risco (favorável) | 3:Heterozigoto (1× A) | 0:AA (risco)
FTO_RS8050136,Metabolismo,FTO rs8050136 (Supressão de Grelina),8,tern het=2,5:Sem alelo de risco (favorável) | 2:Heterozigoto (1× A) | 0:AA (risco)
FTO_RS9939609,Metabolismo,FTO rs9939609 (Obesidade),8,tern het=2,5:TT (favorável) | 2:AT (heterozigoto) | 0:AA (risco)
GCK,Metabolismo,GCK (MODY2),8,rare-del,5:Não portador (favorável) | 0:Portador (Mutação) — risco
HHEX_RS1111875,Metabolismo,HHEX rs1111875 (Diabetes),2,tern het=2,5:TT (favorável) | 2:CT (heterozigoto) | 0:CC (risco)
HNF1A,Metabolismo,HNF1A (MODY3),8,rare-del,5:Não portador (favorável) | 0:Portador (Mutação) — risco
HNF1B,Metabolismo,HNF1B (MODY5),8,rare-del,5:Não portador (favorável) | 0:Portador (Mutação) — risco
HNF4A,Metabolismo,HNF4A (MODY1),8,rare-del,5:Não portador (favorável) | 0:Portador (Mutação) — risco
IGF2BP2_RS4402960,Metabolismo,IGF2BP2 rs4402960 (Diabetes),2,tern het=2,5:GG (favorável) | 2:GT (heterozigoto) | 0:TT (risco)
INS_RS3741208,Metabolismo,INS rs3741208 VNTR (Diabetes Tipo 1),2,tern het=2,5:Sem alelo de risco (favorável) | 2:Heterozigoto (1× A) | 0:AA (risco)
IRS1_RS2943641,Metabolismo,IRS1 rs2943641 (Resistência Insulina),2,tern het=2,5:Sem alelo de risco (favorável) | 2:Heterozigoto (1× C) | 0:CC (risco)
KCNJ11_RS5219,Metabolismo,KCNJ11 rs5219 (Diabetes),7,tern het=2,5:CC (favorável) | 2:CT (heterozigoto) | 0:TT (risco)
LEPR_RS1137101_GLN223ARG,Metabolismo,LEPR rs1137101 Gln223Arg (Obesidade),2,tern het=2,5:Gln/Gln (favorável) | 2:Gln/Arg (heterozigoto) | 0:Arg/Arg (risco)
MC4R_RS12970134,Metabolismo,MC4R rs12970134 (Regulação do apetite e gasto energético),7,tern het=2,5:Sem alelo de risco (favorável) | 2:Heterozigoto (1× A) | 0:AA (risco)
MC4R_RS17782313,Metabolismo,MC4R rs17782313 (Obesidade),7,tern het=2,5:TT (favorável) | 2:CT (heterozigoto) | 0:CC (risco)
MCM6_RS4988235,Metabolismo,MCM6 rs4988235 (Lactose),2,override,5:TT (persistência da lactase) | 4:CT (persistência) | 2:CC (intolerância)
MTHFR_C677T_RS1801133,Metabolismo,MTHFR C677T rs1801133 (Homocisteína),6,tern het=3,5:CC (favorável) | 3:CT (heterozigoto) | 0:TT (risco)
MTHFR_RS1801131,Metabolismo,MTHFR rs1801131 (Conversão de ácido fólico em metilfolato),6,tern het=3,5:Sem alelo de risco (favorável) | 3:Heterozigoto (1× G) | 0:GG (risco)
POMC_RS6713532,Metabolismo,POMC rs6713532 (Obesidade),2,tern het=2,5:GG (favorável) | 2:CG (heterozigoto) | 0:CC (risco)
PPARA_RS4253778,Metabolismo,PPARA rs4253778 (Resistência),2,tern het=3,5:CC (favorável) | 3:CG (heterozigoto) | 0:GG (risco)
PPARGC1A_RS8192678_GLY482SER,Metabolismo,PPARGC1A rs8192678 Gly482Ser (Metabolismo),2,tern het=3,5:Ser/Ser (favorável) | 3:Ser/Gly (heterozigoto) | 0:Gly/Gly (risco)
PPARG_PRO12ALA_RS1801282,Metabolismo,PPARG Pro12Ala rs1801282 (Diabetes),7,tern het=2,5:Ala/Ala (favorável) | 2:Ala/Pro (heterozigoto) | 0:Pro/Pro (risco)
SLC23A1_RS33972313,Metabolismo,SLC23A1 rs33972313 (Vitamina C),2,tern het=3,5:GG (favorável) | 3:AG (heterozigoto) | 0:AA (risco)
SLC30A8_RS13266634,Metabolismo,SLC30A8 rs13266634 (Diabetes),6,tern het=2,5:TT (favorável) | 2:CT (heterozigoto) | 0:CC (risco)
TCF7L2_RS12255372,Metabolismo,TCF7L2 rs12255372 (Homeostase de glicose),8,tern het=2,5:Sem alelo de risco (favorável) | 2:Heterozigoto (1× T) | 0:TT (risco)
TCF7L2_RS7903146,Metabolismo,TCF7L2 rs7903146 (Diabetes),8,tern het=2,5:CC (favorável) | 2:CT (heterozigoto) | 0:TT (risco)
VDR_FOKI_RS2228570,Metabolismo,VDR FokI rs2228570 (Vitamina D),2,tern het=3,5:FF (favorável) | 3:Ff (heterozigoto) | 0:ff (risco)
ABCG2_RS2231142,"Metabolismo, Apetite & Energia",ABCG2 rs2231142 (Transportador de urato),2,tern het=2,5:Sem alelo de risco (favorável) | 2:Heterozigoto (1× A) | 0:AA (risco)
ADIPOQ_RS17300539,"Metabolismo, Apetite & Energia",ADIPOQ rs17300539 (Produção de adiponectina/Homeostase de glicose),2,tern het=2,5:Sem alelo de risco (favorável) | 2:Heterozigoto (1× A) | 0:AA (risco)
ADRB3_RS4994,"Metabolismo, Apetite & Energia",ADRB3 rs4994 (Receptor de catecolaminas),2,tern het=2,5:Sem alelo de risco (favorável) | 2:Heterozigoto (1× G) | 0:GG (risco)
ARRB1_RS140226575,"Metabolismo, Apetite & Energia",ARRB1 rs140226575 (),2,tern het=2,5:Sem alelo de risco (favorável) | 2:Heterozigoto (1× G) | 0:GG (risco)
BDNF_RS6265,"Metabolismo, Apetite & Energia",BDNF rs6265 (Controle central da saciedade e do gasto energético),2,tern het=2,5:Sem alelo de risco (favorável) | 2:Heterozigoto (1× T) | 0:TT (risco)
BDNF_RS925946,"Metabolismo, Apetite & Energia",BDNF rs925946 (Controle central da saciedade e do gasto energético),2,tern het=2,5:Sem alelo de risco (favorável) | 2:Heterozigoto (1× T) | 0:TT (risco)
DIO1_RS11206244,"Metabolismo, Apetite & Energia",DIO1 rs11206244 (Catalisa a ativação e inativação de T3),2,tern het=2,5:Sem alelo de risco (favorável) | 2:Heterozigoto (1× T) | 0:TT (risco)
DIO2_RS12885300,"Metabolismo, Apetite & Energia",DIO2 rs12885300 (Produção local de T3 na tireoide e cérebro),2,tern het=2,5:Sem alelo de risco (favorável) | 2:Heterozigoto (1× C) | 0:CC (risco)
DIO2_RS225014,"Metabolismo, Apetite & Energia",DIO2 rs225014 (Produção local de T3 na tireoide e cérebro),2,tern het=2,5:Sem alelo de risco (favorável) | 2:Heterozigoto (1× C) | 0:CC (risco)
ENPP1_RS1044498,"Metabolismo, Apetite & Energia",ENPP1 rs1044498 (Regula a sensibilidade à insulina),2,tern het=2,5:Sem alelo de risco (favorável) | 2:Heterozigoto (1× C) | 0:CC (risco)
ETV5_RS7647305,"Metabolismo, Apetite & Energia",ETV5 rs7647305 (Ativação de hormônios esteroidogênicos),2,tern het=2,5:Sem alelo de risco (favorável) | 2:Heterozigoto (1× C) | 0:CC (risco)
GCKR_RS1260326,"Metabolismo, Apetite & Energia",GCKR rs1260326 (Regula a homeostase de glicose e triglicerídeos),2,tern het=2,5:Sem alelo de risco (favorável) | 2:Heterozigoto (1× T) | 0:TT (risco)
GCKR_RS780094,"Metabolismo, Apetite & Energia",GCKR rs780094 (Regula a homeostase de glicose e triglicerídeos),2,tern het=2,5:Sem alelo de risco (favorável) | 2:Heterozigoto (1× T) | 0:TT (risco)
GLP1R_RS10305420,"Metabolismo, Apetite & Energia",GLP1R rs10305420 (Receptor de GLP-1),2,tern het=2,5:Sem alelo de risco (favorável) | 2:Heterozigoto (1× T) | 0:TT (risco)
GLP1R_RS6923761,"Metabolismo, Apetite & Energia",GLP1R rs6923761 (Receptor de GLP-1),2,tern het=2,5:Sem alelo de risco (favorável) | 2:Heterozigoto (1× G) | 0:GG (risco)
GLUT9_RS12498742,"Metabolismo, Apetite & Energia",GLUT9 rs12498742 (Transportador de ácido úrico),2,tern het=2,5:Sem alelo de risco (favorável) | 2:Heterozigoto (1× A) | 0:AA (risco)
GLUT9_RS734553,"Metabolismo, Apetite & Energia",GLUT9 rs734553 (Transportador de ácido úrico),2,tern het=2,5:Sem alelo de risco (favorável) | 2:Heterozigoto (1× T) | 0:TT (risco)
GNPDA2_RS10938397,"Metabolismo, Apetite & Energia",GNPDA2 rs10938397 (Metabolismo de açúcares/Acúmulo gordura abdominal),2,tern het=2,5:Sem alelo de risco (favorável) | 2:Heterozigoto (1× G) | 0:GG (risco)
LEP_RS7799039,"Metabolismo, Apetite & Energia",LEP rs7799039 (Leptina / Controle da saciedade),2,tern het=2,5:Sem alelo de risco (favorável) | 2:Heterozigoto (1× A) | 0:AA (risco)
PCSK1_RS6234,"Metabolismo, Apetite & Energia",PCSK1 rs6234 (Ativação de hormônios),2,tern het=2,5:Sem alelo de risco (favorável) | 2:Heterozigoto (1× G) | 0:GG (risco)
PLIN1_RS2289487,"Metabolismo, Apetite & Energia","PLIN1 rs2289487 (Codifica Perilipina 1, expressa em adipócitos)",2,tern het=2,5:Sem alelo de risco (favorável) | 2:Heterozigoto (1× T) | 0:TT (risco)
PLIN1_RS894160,"Metabolismo, Apetite & Energia","PLIN1 rs894160 (Codifica Perilipina 1, expressa em adipócitos)",2,tern het=2,5:Sem alelo de risco (favorável) | 2:Heterozigoto (1× T) | 0:TT (risco)
RREB1_RS675209,"Metabolismo, Apetite & Energia",RREB1 rs675209 (Fator de transcrição e regulação da calcitonina),2,tern het=2,5:Sem alelo de risco (favorável) | 2:Heterozigoto (1× T) | 0:TT (risco)
SH2B1_RS7498665,"Metabolismo, Apetite & Energia",SH2B1 rs7498665 (Regula a sensibilidade a leptina),2,tern het=2,5:Sem alelo de risco (favorável) | 2:Heterozigoto (1× G) | 0:GG (risco)
SH2B1_RS7498665,"Metabolismo, Apetite & Energia",SH2B1 rs7498665 (Regula a sensibilidade a leptina),2,tern het=2,5:Sem alelo de risco (favorável) | 2:Heterozigoto (1× G) | 0:GG (risco)
SIRT1_RS3758391,"Metabolismo, Apetite & Energia",SIRT1 rs3758391 (),2,tern het=2,5:Sem alelo de risco (favorável) | 2:Heterozigoto (1× T) | 0:TT (risco)
SLC16A9_RS1171614,"Metabolismo, Apetite & Energia",SLC16A9 rs1171614 (Participa processo metabólico de urato),2,tern het=2,5:Sem alelo de risco (favorável) | 2:Heterozigoto (1× C) | 0:CC (risco)
SLC22A11_RS2078267,"Metabolismo, Apetite & Energia",SLC22A11 rs2078267 (Transporte e excreção de ânions orgânicos),2,tern het=2,5:Sem alelo de risco (favorável) | 2:Heterozigoto (1× C) | 0:CC (risco)
SLC22A12_RS505802,"Metabolismo, Apetite & Energia",SLC22A12 rs505802 (Regulação dos níveis de urato no sangue),2,tern het=2,5:Sem alelo de risco (favorável) | 2:Heterozigoto (1× C) | 0:CC (risco)
SLC2A2_RS5400,"Metabolismo, Apetite & Energia",SLC2A2 rs5400 (Transportador de glicose/Predileção por doces),2,tern het=2,5:Sem alelo de risco (favorável) | 2:Heterozigoto (1× A) | 0:AA (risco)
TAS1R3_RS35744813,"Metabolismo, Apetite & Energia",TAS1R3 rs35744813 (Receptor de sabor/Percepção do sabor doce),2,tern het=2,5:Sem alelo de risco (favorável) | 2:Heterozigoto (1× C) | 0:CC (risco)
TAS2R38_RS10246939,"Metabolismo, Apetite & Energia",TAS2R38 rs10246939 (Receptor de sabor/Percepção do sabor amargo),2,tern het=2,5:Sem alelo de risco (favorável) | 2:Heterozigoto (1× T) | 0:TT (risco)
TAS2R38_RS1726866,"Metabolismo, Apetite & Energia",TAS2R38 rs1726866 (Receptor de sabor/Percepção do sabor amargo),2,tern het=2,5:Sem alelo de risco (favorável) | 2:Heterozigoto (1× A) | 0:AA (risco)
UCP1_RS1800592,"Metabolismo, Apetite & Energia",UCP1 rs1800592 (Termogênese),2,tern het=2,5:Sem alelo de risco (favorável) | 2:Heterozigoto (1× T) | 0:TT (risco)
UCP2_RS659366,"Metabolismo, Apetite & Energia",UCP2 rs659366 (Termogênese),2,tern het=2,5:Sem alelo de risco (favorável) | 2:Heterozigoto (1× T) | 0:TT (risco)
APP_A673T_RS63750847,Neurodegeneração,APP A673T rs63750847 (Alzheimer),8,rare-prot,5:Portador (A673T) — proteção | 3:Não portador (basal)
C9ORF72,Neurodegeneração,C9orf72 (DFT/ELA),7,rare-del,5:Não portador (favorável) | 0:Portador (Expansão GGGGCC) — risco
GRN_RS5848,Neurodegeneração,GRN rs5848 (Demência FTD),6,tern het=3,5:CC (favorável) | 3:CT (heterozigoto) | 0:TT (risco)
LRRK2_G2019S_RS34637584,Neurodegeneração,LRRK2 G2019S rs34637584 (Parkinson),6,override-sym,5:Não portador (favorável) | 0:Portador G2019S (risco)
MAPT_RS1467967_H1_H2,Neurodegeneração,MAPT rs1467967 H1/H2 (Demência FTD),6,tern het=2,5:H2/H2 (favorável) | 2:H2/H1 (heterozigoto) | 0:H1/H1 (risco)
PARK2,Neurodegeneração,PARK2 (Parkinson Precoce),2,rare-del,5:Não portador (favorável) | 0:Portador (Mutação) — risco
PARK7_DJ_1,Neurodegeneração,PARK7/DJ-1 (Parkinson Precoce),2,rare-del,5:Não portador (favorável) | 0:Portador (Mutação) — risco
PINK1,Neurodegeneração,PINK1 (Parkinson Precoce),2,rare-del,5:Não portador (favorável) | 0:Portador (Mutação) — risco
PSEN1_E280A,Neurodegeneração,PSEN1 E280A (Alzheimer Familial),9,rare-del,5:Não portador (favorável) | 0:Portador (Mutação) — risco
PSEN2,Neurodegeneração,PSEN2 (Alzheimer Familial),9,rare-del,5:Não portador (favorável) | 0:Portador (Mutação) — risco
SNCA_RS356219,Neurodegeneração,SNCA rs356219 (Parkinson),6,tern het=2,5:AA (favorável) | 2:AG (heterozigoto) | 0:GG (risco)
ADORA2A_RS5751876,"Neuro, Humor & Comportamento",ADORA2A rs5751876 (Receptor de Adenosina),1,tern het=2,5:Sem alelo de risco (favorável) | 2:Heterozigoto (1× T) | 0:TT (risco)
AKT1_RS1130233,"Neuro, Humor & Comportamento",AKT1 rs1130233 (Regulação da sobrevivência neuronal),1,tern het=2,5:Sem alelo de risco (favorável) | 2:Heterozigoto (1× C) | 0:CC (risco)
AKT1_RS2494732,"Neuro, Humor & Comportamento",AKT1 rs2494732 (Regulação da sobrevivência neuronal),1,tern het=2,5:Sem alelo de risco (favorável) | 2:Heterozigoto (1× C) | 0:CC (risco)
BDNF_RS6265,"Neuro, Humor & Comportamento",BDNF rs6265 (Manutenção da neuroplasticidade e regulação das sinapses),1,tern het=2,5:Sem alelo de risco (favorável) | 2:Heterozigoto (1× T) | 0:TT (risco)
BIN1_RS744373,"Neuro, Humor & Comportamento",BIN1 rs744373 (Controle da produção de Beta-amilóide),1,tern het=2,5:Sem alelo de risco (favorável) | 2:Heterozigoto (1× G) | 0:GG (risco)
CNR1_RS1049353,"Neuro, Humor & Comportamento",CNR1 rs1049353 (Medeia efeitos induzidos por canabinoides),1,tern het=2,5:Sem alelo de risco (favorável) | 2:Heterozigoto (1× T) | 0:TT (risco)
CNR1_RS1049353,"Neuro, Humor & Comportamento",CNR1 rs1049353 (Medeia efeitos induzidos por canabinoides),1,tern het=2,5:Sem alelo de risco (favorável) | 2:Heterozigoto (1× T) | 0:TT (risco)
CNR1_RS806368,"Neuro, Humor & Comportamento",CNR1 rs806368 (Medeia efeitos induzidos por canabinoides),1,tern het=2,5:Sem alelo de risco (favorável) | 2:Heterozigoto (1× C) | 0:CC (risco)
CNR1_RS806368,"Neuro, Humor & Comportamento",CNR1 rs806368 (Medeia efeitos induzidos por canabinoides),1,tern het=2,5:Sem alelo de risco (favorável) | 2:Heterozigoto (1× C) | 0:CC (risco)
COMT_RS4633,"Neuro, Humor & Comportamento",COMT rs4633 (Regulação de Dopamina e Epinefrina),1,tern het=3,5:Sem alelo de risco (favorável) | 3:Heterozigoto (1× T) | 0:TT (risco)
COMT_RS4680,"Neuro, Humor & Comportamento",COMT rs4680 (Regulação de Dopamina e Epinefrina),1,tern het=3,5:Sem alelo de risco (favorável) | 3:Heterozigoto (1× A) | 0:AA (risco)
COMT_RS4680,"Neuro, Humor & Comportamento",COMT rs4680 (Regulação de Dopamina e Epinefrina),1,tern het=3,5:Sem alelo de risco (favorável) | 3:Heterozigoto (1× A) | 0:AA (risco)
DRD1_RS686,"Neuro, Humor & Comportamento",DRD1 rs686 (Mediação de respostas comportamentais),1,tern het=2,5:Sem alelo de risco (favorável) | 2:Heterozigoto (1× A) | 0:AA (risco)
DRD2_RS1076560,"Neuro, Humor & Comportamento",DRD2 rs1076560 (Mediação de respostas comportamentais),1,tern het=2,5:Sem alelo de risco (favorável) | 2:Heterozigoto (1× A) | 0:AA (risco)
DRD2_RS1800497,"Neuro, Humor & Comportamento",DRD2 rs1800497 (Mediação de respostas comportamentais),1,tern het=2,5:Sem alelo de risco (favorável) | 2:Heterozigoto (1× A) | 0:AA (risco)
FAAH_RS324420,"Neuro, Humor & Comportamento",FAAH rs324420 (Regulação da sobrevivência neuronal),1,tern het=2,5:Sem alelo de risco (favorável) | 2:Heterozigoto (1× C) | 0:CC (risco)
FERMT2_RS17125944,"Neuro, Humor & Comportamento",FERMT2 rs17125944 (Medeia a ativação de Integrina),1,tern het=2,5:Sem alelo de risco (favorável) | 2:Heterozigoto (1× C) | 0:CC (risco)
GRIA1_RS2195450,"Neuro, Humor & Comportamento",GRIA1 rs2195450 (Receptor de Glutamato para neurotransmissores excitatórios),1,tern het=2,5:Sem alelo de risco (favorável) | 2:Heterozigoto (1× A) | 0:AA (risco)
HTR2A_RS6311,"Neuro, Humor & Comportamento",HTR2A rs6311 (Codifica receptor de serotonina),1,tern het=2,5:Sem alelo de risco (favorável) | 2:Heterozigoto (1× C) | 0:CC (risco)
HTR2A_RS6314,"Neuro, Humor & Comportamento",HTR2A rs6314 (Codifica receptor de serotonina),1,tern het=2,5:Sem alelo de risco (favorável) | 2:Heterozigoto (1× A) | 0:AA (risco)
KL_RS9536314,"Neuro, Humor & Comportamento",KL rs9536314 (Codifica proteína relacionada às B-glicosidases),1,tern het=2,5:Sem alelo de risco (favorável) | 2:Heterozigoto (1× G) | 0:GG (risco)
LINGO1_RS9652490,"Neuro, Humor & Comportamento",LINGO1 rs9652490 (Regula atividade neuronal e mielinização axonal),1,tern het=2,5:Sem alelo de risco (favorável) | 2:Heterozigoto (1× A) | 0:AA (risco)
NGF_RS6330,"Neuro, Humor & Comportamento","NGF rs6330 (Proliferação, diferenciação e reparo neuronal)",1,tern het=2,5:Sem alelo de risco (favorável) | 2:Heterozigoto (1× A) | 0:AA (risco)
OPRM1_RS1799971,"Neuro, Humor & Comportamento",OPRM1 rs1799971 (Receptor de opioides),1,tern het=2,5:Sem alelo de risco (favorável) | 2:Heterozigoto (1× G) | 0:GG (risco)
OPRM1_RS1799971,"Neuro, Humor & Comportamento",OPRM1 rs1799971 (Receptor de opioides),1,tern het=2,5:Sem alelo de risco (favorável) | 2:Heterozigoto (1× G) | 0:GG (risco)
OXR_RS2254298,"Neuro, Humor & Comportamento","OXR rs2254298 (Receptor de ocitocina, modula comportamento social)",1,tern het=2,5:Sem alelo de risco (favorável) | 2:Heterozigoto (1× A) | 0:AA (risco)
TOMM40_RS2075650,"Neuro, Humor & Comportamento",TOMM40 rs2075650 (Translocase de membrana mitocondrial externa),1,tern het=2,5:Sem alelo de risco (favorável) | 2:Heterozigoto (1× G) | 0:GG (risco)
TRPV1_RS8065080,"Neuro, Humor & Comportamento",TRPV1 rs8065080 (Receptor para detecção de estímulos dolorosos e nocivos),1,tern het=2,5:Sem alelo de risco (favorável) | 2:Heterozigoto (1× C) | 0:CC (risco)
TRPV1_RS8065080,"Neuro, Humor & Comportamento",TRPV1 rs8065080 (Receptor para detecção de estímulos dolorosos e nocivos),1,tern het=2,5:Sem alelo de risco (favorável) | 2:Heterozigoto (1× C) | 0:CC (risco)
UNC13A_RS12608932,"Neuro, Humor & Comportamento","UNC13A rs12608932 (Liberação de neurotransmissores, atua na vesícula sináptica)",1,tern het=2,5:Sem alelo de risco (favorável) | 2:Heterozigoto (1× C) | 0:CC (risco)
ALPL_RS1697421,Outros,ALPL rs1697421 (Hipofosfatasia),1,tern het=2,5:Sem alelo de risco (favorável) | 2:Heterozigoto (1× T) | 0:TT (risco)
NFIA_AS2_RS1572312,Outros,NFIA-AS2 rs1572312 (Eritropoiese),1,tern het=2,5:Sem alelo de risco (favorável) | 2:Heterozigoto (1× T) | 0:TT (risco)
AR_RS6152,"Pele, Estética & Capilar",AR rs6152 (capilar),1,GeneHair informativo,3:Genótipo (informativo)
CRABP2_RS12724719,"Pele, Estética & Capilar",CRABP2 rs12724719 (capilar),1,GeneHair informativo,3:Genótipo (informativo)
CYP19A1_RS2470152,"Pele, Estética & Capilar",CYP19A1 rs2470152 (capilar),1,GeneHair informativo,3:Genótipo (informativo)
FAM9B_RS5934505,"Pele, Estética & Capilar",FAM9B rs5934505 (Expresso no complexo sinaptonêmico em espermatócitos),1,tern het=2,5:Sem alelo de risco (favorável) | 2:Heterozigoto (1× T) | 0:TT (risco)
FBN2_RS331079,"Pele, Estética & Capilar",FBN2 rs331079 (Fibrilina 2/Envolvida na montagem de fibras elásticas),1,tern het=2,5:Sem alelo de risco (favorável) | 2:Heterozigoto (1× G) | 0:GG (risco)
FLG_RS61816761,"Pele, Estética & Capilar",FLG rs61816761 (Formação e manutenção da camada córnea),1,tern het=2,5:Sem alelo de risco (favorável) | 2:Heterozigoto (1× A) | 0:AA (risco)
HDAC9_RS2249817,"Pele, Estética & Capilar",HDAC9 rs2249817 (capilar),1,GeneHair informativo,3:Genótipo (informativo)
HDAC9_RS756853,"Pele, Estética & Capilar",HDAC9 rs756853 (capilar),1,GeneHair informativo,3:Genótipo (informativo)
INTERGENIC_PAX1_FOXA4_RS1160312,"Pele, Estética & Capilar",Intergenic PAX1/FOXA4 rs1160312 (capilar),1,GeneHair informativo,3:Genótipo (informativo)
IRF4_RS12203592,"Pele, Estética & Capilar",IRF4 rs12203592 (Regulação da resposta imune),1,tern het=2,5:Sem alelo de risco (favorável) | 2:Heterozigoto (1× T) | 0:TT (risco)
LIPH_RS201249971,"Pele, Estética & Capilar",LIPH rs201249971 (capilar),1,GeneHair informativo,3:Genótipo (informativo)
LIPH_RS201868115,"Pele, Estética & Capilar",LIPH rs201868115 (capilar),1,GeneHair informativo,3:Genótipo (informativo)
MACROH2A2_RS16927253,"Pele, Estética & Capilar",MACROH2A2 rs16927253 (Regulação do envelhecimento celular),1,tern het=2,5:Sem alelo de risco (favorável) | 2:Heterozigoto (1× C) | 0:CC (risco)
MACROH2A2_RS4746957,"Pele, Estética & Capilar",MACROH2A2 rs4746957 (Regulação do envelhecimento celular),1,tern het=2,5:Sem alelo de risco (favorável) | 2:Heterozigoto (1× G) | 0:GG (risco)
MC1R_RS2228479,"Pele, Estética & Capilar",MC1R rs2228479 (Regulação da produção de melanina),1,tern het=2,5:Sem alelo de risco (favorável) | 2:Heterozigoto (1× C) | 0:CC (risco)
MC1R_RS4268748,"Pele, Estética & Capilar",MC1R rs4268748 (Regulação da produção de melanina),1,tern het=2,5:Sem alelo de risco (favorável) | 2:Heterozigoto (1× C) | 0:CC (risco)
MMP10_RS486055,"Pele, Estética & Capilar",MMP10 rs486055 (Remodelação tecidual),1,tern het=2,5:Sem alelo de risco (favorável) | 2:Heterozigoto (1× C) | 0:CC (risco)
MMP12_RS2276109,"Pele, Estética & Capilar",MMP12 rs2276109 (Remodelação tecidual),1,tern het=2,5:Sem alelo de risco (favorável) | 2:Heterozigoto (1× T) | 0:TT (risco)
MMP1_RS1799750,"Pele, Estética & Capilar",MMP1 rs1799750 (Remodelação tecidual),1,tern het=2,5:Sem alelo de risco (favorável) | 2:Heterozigoto (1× TC) | 0:TC/TC (risco)
MMP1_RS1799750,"Pele, Estética & Capilar",MMP1 rs1799750 (Remodelação tecidual),1,tern het=2,5:Sem alelo de risco (favorável) | 2:Heterozigoto (1× TC) | 0:TC/TC (risco)
MMP3_RS679620,"Pele, Estética & Capilar",MMP3 rs679620 (Remodelação tecidual),1,tern het=2,5:Sem alelo de risco (favorável) | 2:Heterozigoto (1× C) | 0:CC (risco)
PRM1_RS2301365,"Pele, Estética & Capilar",PRM1 rs2301365 (Organização da espermatogênese),1,tern het=2,5:Sem alelo de risco (favorável) | 2:Heterozigoto (1× T) | 0:TT (risco)
PTGES2_RS13283456,"Pele, Estética & Capilar",PTGES2 rs13283456 (capilar),1,GeneHair informativo,3:Genótipo (informativo)
SHBG_RS12150660,"Pele, Estética & Capilar",SHBG rs12150660 (Regulação das respostas a esteroides),1,tern het=2,5:Sem alelo de risco (favorável) | 2:Heterozigoto (1× G) | 0:GG (risco)
SHBG_RS6258,"Pele, Estética & Capilar",SHBG rs6258 (Regulação das respostas a esteroides),1,tern het=2,5:Sem alelo de risco (favorável) | 2:Heterozigoto (1× T) | 0:TT (risco)
SHBG_RS727428,"Pele, Estética & Capilar",SHBG rs727428 (Regulação das respostas a esteroides),1,tern het=2,5:Sem alelo de risco (favorável) | 2:Heterozigoto (1× T) | 0:TT (risco)
SRD5A1_RS39848,"Pele, Estética & Capilar",SRD5A1 rs39848 (capilar),1,GeneHair informativo,3:Genótipo (informativo)
SRD5A2_RS523349,"Pele, Estética & Capilar",SRD5A2 rs523349 (capilar),1,GeneHair informativo,3:Genótipo (informativo)
SULT1A1_RS1042028,"Pele, Estética & Capilar",SULT1A1 rs1042028 (capilar),1,GeneHair informativo,3:Genótipo (informativo)
TGFB2_RS1159268,"Pele, Estética & Capilar",TGFB2 rs1159268 (),1,tern het=2,5:Sem alelo de risco (favorável) | 2:Heterozigoto (1× A) | 0:AA (risco)
WNT10A_RS7349332,"Pele, Estética & Capilar",WNT10A rs7349332 (capilar),1,GeneHair informativo,3:Genótipo (informativo)
ACTN3_RS1815739_R577X,Performance,ACTN3 rs1815739 R577X (Performance),1,override,4:RR (poder) | 4:RX (misto) | 3:XX (resistência)
COL1A1_RS1800012_SP1,Performance,COL1A1 rs1800012 Sp1 (Osteoporose),1,tern het=2,5:GG (favorável) | 2:GT (heterozigoto) | 0:TT (risco)
COL5A1_RS12722,Performance,COL5A1 rs12722 (Lesão Tendão),1,tern het=2,5:CC (favorável) | 2:CT (heterozigoto) | 0:TT (risco)
ESR1_RS2234693_PVUII,Performance,ESR1 rs2234693 PvuII (Osteoporose),1,tern het=2,5:TT (favorável) | 2:CT (heterozigoto) | 0:CC (risco)
BCMO1_RS11645428,Vitaminas & Micronutrientes,BCMO1 rs11645428 (Conversão de Betacaroteno em Vitamina A),2,tern het=2,5:Sem alelo de risco (favorável) | 2:Heterozigoto (1× G) | 0:GG (risco)
BCMO1_RS12934922,Vitaminas & Micronutrientes,BCMO1 rs12934922 (Conversão de Betacaroteno em Vitamina A),2,tern het=2,5:Sem alelo de risco (favorável) | 2:Heterozigoto (1× T) | 0:TT (risco)
BCMO1_RS6420424,Vitaminas & Micronutrientes,BCMO1 rs6420424 (Conversão de Betacaroteno em Vitamina A),2,tern het=2,5:Sem alelo de risco (favorável) | 2:Heterozigoto (1× A) | 0:AA (risco)
BCMO1_RS7501331,Vitaminas & Micronutrientes,BCMO1 rs7501331 (Conversão de Betacaroteno em Vitamina A),2,tern het=2,5:Sem alelo de risco (favorável) | 2:Heterozigoto (1× T) | 0:TT (risco)
CASR_RS1501899,Vitaminas & Micronutrientes,CaSR rs1501899 (Homeostase de cálcio/Reabsorção de cálcio nos rins),2,tern het=2,5:Sem alelo de risco (favorável) | 2:Heterozigoto (1× A) | 0:AA (risco)
CASR_RS17251221,Vitaminas & Micronutrientes,CaSR rs17251221 (Homeostase de cálcio),2,tern het=2,5:Sem alelo de risco (favorável) | 2:Heterozigoto (1× G) | 0:GG (risco)
CASR_RS6776158,Vitaminas & Micronutrientes,CaSR rs6776158 (Homeostase de cálcio/Reabsorção de cálcio nos rins),2,tern het=2,5:Sem alelo de risco (favorável) | 2:Heterozigoto (1× G) | 0:GG (risco)
CASR_RS7652589,Vitaminas & Micronutrientes,CaSR rs7652589 (Homeostase de cálcio/Reabsorção de cálcio nos rins),2,tern het=2,5:Sem alelo de risco (favorável) | 2:Heterozigoto (1× A) | 0:AA (risco)
CHDH_RS12676,Vitaminas & Micronutrientes,"CHDH rs12676 (Colina Desidrogenase, converte colina em betaína)",2,tern het=2,5:Sem alelo de risco (favorável) | 2:Heterozigoto (1× A) | 0:AA (risco)
CHDH_RS9001,Vitaminas & Micronutrientes,"CHDH rs9001 (Colina Desidrogenase, converte colina em betaína)",2,tern het=2,5:Sem alelo de risco (favorável) | 2:Heterozigoto (1× T) | 0:TT (risco)
CHKA_RS10791957,Vitaminas & Micronutrientes,CHKA rs10791957 (Biossíntese de fosfatidilcolina),2,tern het=2,5:Sem alelo de risco (favorável) | 2:Heterozigoto (1× A) | 0:AA (risco)
CHKB_RS1557502,Vitaminas & Micronutrientes,CHKB rs1557502 (Biossíntese de fosfolipídios),2,tern het=2,5:Sem alelo de risco (favorável) | 2:Heterozigoto (1× T) | 0:TT (risco)
CYP27B1_RS10877012,Vitaminas & Micronutrientes,CYP27B1 rs10877012 (Conversão biológica em Vitamina D ativa),2,tern het=2,5:Sem alelo de risco (favorável) | 2:Heterozigoto (1× G) | 0:GG (risco)
CYP2R1_RS10741657,Vitaminas & Micronutrientes,CYP2R1 rs10741657 (),2,tern het=3,5:Sem alelo de risco (favorável) | 3:Heterozigoto (1× G) | 0:GG (risco)
CYP4F2_RS2108622,Vitaminas & Micronutrientes,CYP4F2 rs2108622 (Metabolismo da Vit K e varfarina),2,tern het=2,5:Sem alelo de risco (favorável) | 2:Heterozigoto (1× T) | 0:TT (risco)
DHCR7_RS12785878,Vitaminas & Micronutrientes,DHCR7 rs12785878 (7-desidrocolesterol redutase (Vit D) [gene inferido p/ função]),2,tern het=2,5:Sem alelo de risco (favorável) | 2:Heterozigoto (1× T) | 0:TT (risco)
FOLH1_RS61886492,Vitaminas & Micronutrientes,FOLH1 rs61886492 (Absorção intestinal de folato dietético),2,tern het=2,5:Sem alelo de risco (favorável) | 2:Heterozigoto (1× A) | 0:AA (risco)
FUT2_RS601338,Vitaminas & Micronutrientes,FUT2 rs601338 (Absorção de vitamina B12),2,tern het=3,5:Sem alelo de risco (favorável) | 3:Heterozigoto (1× G) | 0:GG (risco)
FUT2_RS602662,Vitaminas & Micronutrientes,FUT2 rs602662 (Absorção de vitamina B12),2,tern het=3,5:Sem alelo de risco (favorável) | 3:Heterozigoto (1× G) | 0:GG (risco)
FUT2_RS602662,Vitaminas & Micronutrientes,FUT2 rs602662 (Absorção de vitamina B12),2,tern het=3,5:Sem alelo de risco (favorável) | 3:Heterozigoto (1× A) | 0:AA (risco)
GC_RS2282679,Vitaminas & Micronutrientes,GC rs2282679 (Transporte de Vitamina D para tecidos-alvo),2,tern het=3,5:Sem alelo de risco (favorável) | 3:Heterozigoto (1× G) | 0:GG (risco)
HFE_RS1799945,Vitaminas & Micronutrientes,HFE rs1799945 (Absorção de ferro),7,tern het=3,5:Sem alelo de risco (favorável) | 3:Heterozigoto (1× G) | 0:GG (risco)
HFE_RS1800562,Vitaminas & Micronutrientes,HFE rs1800562 (Absorção de ferro),7,tern het=3,5:Sem alelo de risco (favorável) | 3:Heterozigoto (1× A) | 0:AA (risco)
MTHFD1L_RS6922269,Vitaminas & Micronutrientes,MTHFD1L rs6922269 (Codifica a enzima C1-Tetrahidrofolato Sintase),2,tern het=2,5:Sem alelo de risco (favorável) | 2:Heterozigoto (1× A) | 0:AA (risco)
MTRR_RS1801394,Vitaminas & Micronutrientes,MTRR rs1801394 (Biossíntese de metionina),2,tern het=3,5:Sem alelo de risco (favorável) | 3:Heterozigoto (1× G) | 0:GG (risco)
MTR_RS1805087,Vitaminas & Micronutrientes,MTR rs1805087 (Remetilação de homocisteína em metionina),2,tern het=3,5:Sem alelo de risco (favorável) | 3:Heterozigoto (1× A) | 0:AA (risco)
NBPF3_RS4654748,Vitaminas & Micronutrientes,NBPF3 rs4654748 (Regula concentrações de vitamina B6),2,tern het=2,5:Sem alelo de risco (favorável) | 2:Heterozigoto (1× C) | 0:CC (risco)
PEMT_RS7946,Vitaminas & Micronutrientes,PEMT rs7946 (Conversão de fosfatidiletanolamina em fosfatidilcolina),2,tern het=2,5:Sem alelo de risco (favorável) | 2:Heterozigoto (1× T) | 0:TT (risco)
SLC19A1_RS1051266,Vitaminas & Micronutrientes,SLC19A1 rs1051266 (Transporte de folato),2,tern het=2,5:Sem alelo de risco (favorável) | 2:Heterozigoto (1× T) | 0:TT (risco)
SLC44A1_RS3199966,Vitaminas & Micronutrientes,SLC44A1 rs3199966 (Transporte transmembrana de colina),2,tern het=2,5:Sem alelo de risco (favorável) | 2:Heterozigoto (1× T) | 0:TT (risco)
TCN2_RS1801198,Vitaminas & Micronutrientes,TCN2 rs1801198 (Transporte de vitamina B12),2,tern het=3,5:Sem alelo de risco (favorável) | 3:Heterozigoto (1× G) | 0:GG (risco)
TCN2_RS9606756,Vitaminas & Micronutrientes,TCN2 rs9606756 (Transporte de vitamina B12),2,tern het=3,5:Sem alelo de risco (favorável) | 3:Heterozigoto (1× G) | 0:GG (risco)
TF_RS1049296,Vitaminas & Micronutrientes,"TF rs1049296 (Transferrina, responsável pelo transporte de ferro)",2,tern het=2,5:Sem alelo de risco (favorável) | 2:Heterozigoto (1× T) | 0:TT (risco)
TF_RS3811647,Vitaminas & Micronutrientes,"TF rs3811647 (Transferrina, responsável pelo transporte de ferro)",2,tern het=2,5:Sem alelo de risco (favorável) | 2:Heterozigoto (1× A) | 0:AA (risco)
TMPRSS6_RS4820268,Vitaminas & Micronutrientes,TMPRSS6 rs4820268 (Regulador da síntese de hepcidina),2,tern het=3,5:Sem alelo de risco (favorável) | 3:Heterozigoto (1× G) | 0:GG (risco)
TRF_RS3817672,Vitaminas & Micronutrientes,TRF rs3817672 (Captação celular de ferro),2,tern het=2,5:Sem alelo de risco (favorável) | 2:Heterozigoto (1× T) | 0:TT (risco)
VDR_RS1544410,Vitaminas & Micronutrientes,VDR rs1544410 (Receptor de Vitamina D (BsmI)),2,tern het=3,5:Sem alelo de risco (favorável) | 3:Heterozigoto (1× T) | 0:TT (risco)
VDR_RS731236,Vitaminas & Micronutrientes,VDR rs731236 (Receptor de Vitamina D (TaqI)),2,tern het=3,5:Sem alelo de risco (favorável) | 3:Heterozigoto (1× G) | 0:GG (risco)
VDR_RS7975232,Vitaminas & Micronutrientes,VDR rs7975232 (Receptor de Vitamina D (ApaI)),2,tern het=3,5:Sem alelo de risco (favorável) | 3:Heterozigoto (1× A) | 0:AA (risco)
VKORC1L1_RS4072874,Vitaminas & Micronutrientes,VKORC1L1 rs4072874 (Regula o ciclo da vitamina K),2,tern het=2,5:Sem alelo de risco (favorável) | 2:Heterozigoto (1× C) | 0:CC (risco)
